,tp,fp,tn,fn,recall,precision,f1,score
0,3499,357,34686,1106,0.7598262757871879,0.9074170124481328,0.8270889965725092,0.9631002824858758
